{
  "acc_lin_svm": 49.333333333333336,
  "acc_rbf_svm": 91.0,
  "acc_lin_isvm": 49.333333333333336,
  "acc_rbf_isvm": 91.0,
  "f1_lin_svm": 49.36039886039886,
  "f1_rbf_svm": 90.98944829665359,
  "f1_lin_isvm": 49.36039886039886,
  "f1_rbf_isvm": 90.98944829665359,
  "acc_nodp": 49.333333333333336,
  "f1_nodp": 49.36039886039886,
  "acc_nomc": 92.33333333333333,
  "f1_nomc": 92.33188052004027,
  "sv_global": 63,
  "sv_isvm": 126,
  "acc_gf": 92.27272727272727,
  "acc_if": 92.27272727272727,
  "f1_gf": 92.26934370077471,
  "f1_if": 92.26934370077471,
  "n_active": 2
}